view_id,video_id,view_date,views,watch_time_seconds,avg_view_duration_seconds,impressions,clicks
1,1122,2024-03-27,697,30578,43.87,24395,494
2,1147,2023-02-24,310,56409,181.96,7440,131
3,1106,2023-08-20,1588,240802,151.64,52404,1926
4,1145,2023-03-03,1248,70877,56.79,22464,1489
5,1061,2023-06-27,1130,34716,30.72,37290,2686
6,1073,2023-10-17,1439,70825,49.22,27341,2546
7,1169,2023-07-22,870,78907,90.7,12180,1117
8,1042,2023-11-11,1218,223729,183.69,28014,1387
9,1103,2023-10-06,1024,151751,148.19,44032,598
10,1064,2023-01-27,187,39655,212.06,7667,0
11,1210,2023-10-03,8920,1400754,157.04,410320,20434
12,1111,2024-05-18,1984,245915,123.95,51584,2006
13,1105,2024-05-22,590,81492,138.12,23600,313
14,1029,2024-02-18,1771,525618,296.79,83237,7345
15,1132,2024-01-06,1275,253546,198.86,10200,288
16,1112,2024-05-11,10089,2236139,221.64,242136,14425
17,1215,2023-04-27,945,193613,204.88,13230,725
18,1069,2024-03-01,1709,269166,157.5,58106,3463
19,1130,2023-05-20,1769,422122,238.62,54839,2225
20,1000,2023-10-17,1486,280071,188.47,69842,3776
21,1088,2023-12-07,1130,148986,131.85,28250,2493
22,1098,2023-08-28,1753,73248,41.78,61355,4507
23,1169,2023-06-05,1014,64983,64.09,42588,1698
24,1025,2024-06-22,1864,419511,225.06,57784,5107
25,1200,2023-09-29,693,95163,137.32,6930,600
26,1097,2023-11-21,1283,301554,235.04,50037,662
27,1073,2023-08-21,1529,449757,294.15,68805,5046
28,1076,2023-01-30,94,4244,45.15,2538,111
29,1144,2023-07-04,348,67707,194.56,10092,663
30,1036,2023-08-26,944,145455,154.08,44368,481
31,1173,2024-07-13,323,92123,285.21,13566,500
32,1116,2023-11-06,407,105983,260.4,4477,140
33,1179,2023-10-30,44,9139,207.7,968,10
34,1012,2024-05-23,1705,182899,107.27,32395,2093
35,1158,2023-09-14,1388,329257,237.22,66624,5693
36,1165,2023-02-10,632,24653,39.01,17696,1343
37,1191,2024-03-01,359,87006,242.36,10052,580
38,1065,2024-05-08,1981,458742,231.57,51506,4243
39,1193,2023-08-20,1761,373489,212.09,52830,5127
40,1202,2024-02-09,28,1774,63.36,784,55
41,1210,2024-01-16,221,34763,157.3,9724,871
42,1056,2023-03-06,1301,358470,275.53,31224,2136
43,1009,2023-11-08,1008,94143,93.4,39312,873
44,1190,2024-07-07,858,194063,226.18,26598,1833
45,1071,2023-02-03,1413,211545,149.71,28260,2458
46,1139,2024-01-03,124,10074,81.24,1488,141
47,1054,2023-01-22,103,9863,95.76,1339,108
48,1141,2023-08-01,1200,317781,264.82,31200,2486
49,1070,2023-05-29,266,65329,245.6,0,0
50,1202,2023-09-01,1205,92841,77.05,9640,206
51,1016,2024-05-02,918,154751,168.57,10098,511
52,1186,2024-06-17,617,179107,290.29,4936,492
53,1027,2024-05-17,1458,72670,49.84,14580,568
54,1159,2024-08-22,1123,149184,132.84,48289,2788
55,1025,2023-04-28,1746,466148,266.98,69840,5229
56,1058,2024-02-28,694,95534,137.66,7634,291
57,1039,2024-04-30,137,7267,53.04,4384,81
58,1142,2023-03-03,1201,218167,181.65,56447,1185
59,1192,2024-03-09,1777,77993,43.89,40871,2617
60,1054,2023-06-08,1344,347779,258.76,36288,3123
61,1146,2023-08-20,1653,299954,181.46,72732,4743
62,1168,2023-10-01,59,12963,219.71,1416,131
63,1036,2024-08-02,1346,91940,68.31,60570,5903
64,1096,2024-03-05,929,120690,129.91,23225,1856
65,1013,2023-06-09,322,13986,43.43,3220,111
66,1113,2024-02-29,559,94098,168.33,15093,734
67,1124,2024-06-23,1366,122311,89.54,58738,876
68,1196,2023-05-21,1565,185598,118.59,7825,428
69,1136,2023-08-24,1024,215421,210.37,27648,455
70,1004,2024-04-15,1886,215996,114.53,60352,3718
71,1029,2024-02-19,42,3209,76.4,1848,95
72,1111,2023-04-19,498,68784,138.12,4980,227
73,1085,2023-06-22,156,9482,60.78,5772,158
74,1209,2023-06-01,483,47870,99.11,7728,496
75,1045,2024-05-20,950,223408,235.17,31350,2235
76,1159,2023-11-27,1769,204067,115.36,58377,942
77,1070,2024-08-28,115,5753,50.03,3910,198
78,1019,2023-04-03,1259,168467,133.81,52878,3166
79,1115,2024-08-08,1334,257931,193.35,49358,1163
80,1214,2023-12-18,1462,298912,204.45,10234,330
81,1133,2023-06-12,745,79254,106.38,23095,1840
82,1161,2023-12-09,134,24207,180.65,3886,138
83,1154,2023-06-03,682,142657,209.17,18414,698
84,1033,2023-03-28,634,129173,203.74,16484,1371
85,1189,2024-06-23,191,27565,144.32,5348,62
86,1087,2024-05-12,393,26387,67.14,3537,129
87,1138,2024-06-23,77,20530,266.62,3388,73
88,1212,2023-06-19,1476,208015,140.93,70848,5296
89,1192,2024-04-04,479,54393,113.56,16765,1531
90,1146,2024-03-27,945,226888,240.09,34965,2009
91,1205,2023-05-22,1787,362972,203.12,50036,2997
92,1217,2023-05-08,583,42724,73.28,19239,1759
93,1056,2024-04-06,1811,67370,37.2,14488,661
94,1020,2024-01-19,5705,1463775,256.58,262430,10543
95,1212,2024-04-28,1425,334714,234.89,49875,0
96,1065,2023-08-09,1710,485402,283.86,73530,4227
97,1077,2023-05-05,97,19644,202.52,4268,218
98,1152,2024-07-02,33,6113,185.24,1650,37
99,1061,2024-08-07,853,179486,210.42,32414,3167
100,1129,2024-06-03,18539,774082,41.75,0,52845
101,1201,2023-03-11,706,146437,207.42,7766,616
102,1011,2023-12-27,1118,227574,203.55,53664,2780
103,1207,2023-05-19,129,36735,284.77,903,32
104,1010,2023-11-20,1911,262801,137.52,74529,3920
105,1073,2024-01-01,1765,465546,263.77,45890,1587
106,1102,2024-03-26,1832,222661,121.54,29312,1602
107,1132,2023-10-01,1640,237168,144.61,52480,3370
108,1082,2023-04-16,163,17901,109.82,5379,345
109,1089,2024-04-02,86,23747,276.13,3784,377
110,1014,2023-03-18,1374,176001,128.09,65952,1609
111,1173,2024-03-24,71,6654,93.72,3266,140
112,1154,2023-06-07,1390,180922,130.16,45870,3608
113,1101,2023-11-18,1330,384822,289.34,7980,608
114,1143,2023-05-01,536,117968,220.09,9648,961
115,1125,2023-07-24,251,12548,49.99,4016,364
116,1174,2023-11-24,1367,64978,47.53,53313,1926
117,1181,2023-06-28,1625,147136,90.55,27625,2245
118,1092,2024-07-21,1172,289470,246.99,46880,1016
119,1101,2024-05-05,1076,151228,140.55,44116,733
120,1115,2024-04-22,1392,89993,64.65,55680,3762
121,1110,2024-05-29,1865,474596,254.48,70870,1684
122,1181,2023-08-19,708,120432,170.1,16284,1402
123,1141,2023-10-09,256,50149,195.89,2560,141
124,1039,2023-06-25,1349,369005,273.54,35074,3010
125,1007,2023-03-25,93,22150,238.17,1953,133
126,1163,2023-02-01,1019,180674,177.31,46874,4504
127,1175,2024-02-20,609,131498,215.92,9135,452
128,1155,2023-05-28,640,74377,116.21,17280,1689
129,1143,2023-04-19,653,41191,63.08,21549,696
130,1098,2024-03-04,508,139000,273.62,12700,1194
131,1040,2024-05-25,1054,281787,267.35,37944,458
132,1061,2023-08-09,1194,52113,43.65,42984,2741
133,1073,2024-07-03,16,2341,146.31,336,25
134,1102,2023-02-22,1167,149237,127.88,26841,446
135,1071,2023-05-02,263,35861,136.35,6838,411
136,1154,2024-06-05,822,34714,42.23,10686,793
137,1038,2024-06-11,286,55921,195.53,4290,194
138,1151,2023-12-11,1038,180333,173.73,0,3148
139,1084,2023-04-23,853,209090,245.12,41797,2785
140,1167,2024-08-15,1182,51849,43.87,41370,1048
141,1215,2024-01-25,302,28808,95.39,0,1180
142,1080,2024-03-04,310,26365,85.05,11470,914
143,1188,2023-03-05,1445,124244,85.98,36125,3606
144,1044,2024-04-15,1868,331558,177.49,89664,7126
145,1177,2023-09-28,1249,360312,288.48,27478,1654
146,1076,2023-10-23,1443,317960,220.35,36075,1918
147,1184,2023-10-08,589,125273,212.69,17081,1547
148,1197,2023-05-30,5183,640194,123.52,171039,11808
149,1211,2024-07-05,555,120971,217.97,7215,143
150,1012,2024-06-27,462,20407,44.17,14322,568
151,1035,2023-01-06,1975,554692,280.86,61225,4209
152,1166,2023-07-24,1548,180675,116.72,71208,1091
153,1059,2024-07-01,1512,427745,282.9,24192,1151
154,1009,2024-02-11,1613,456292,282.88,37099,0
155,1027,2023-12-10,582,118235,203.15,22116,1204
156,1119,2023-10-07,394,46998,119.28,0,915
157,1086,2023-10-30,1162,95462,82.15,51128,4450
158,1131,2023-12-02,177,9868,55.75,0,121
159,1098,2023-08-30,914,262856,287.59,21936,1369
160,1092,2023-08-30,127,19768,155.65,1905,88
161,1180,2023-11-15,1413,391902,277.35,32499,1400
162,1122,2023-06-06,931,180194,193.55,28861,2111
163,1205,2023-08-12,1560,364696,233.78,15600,893
164,1144,2023-04-25,126,34496,273.78,2142,131
165,1133,2024-03-28,238,53209,223.57,8568,155
166,1116,2023-05-16,1051,191551,182.26,42040,2169
167,1101,2023-09-18,10812,2012589,186.14,75684,3642
168,1015,2023-03-12,1912,205567,107.51,30592,2423
169,1165,2024-03-06,766,102084,133.27,22214,973
170,1138,2023-05-17,1338,82997,62.03,52182,2367
171,1213,2023-01-04,13324,2065367,155.01,519636,25031
172,1117,2023-12-21,317,89742,283.1,3804,49
173,1004,2023-09-04,422,80333,190.36,13926,888
174,1189,2023-02-15,823,144630,175.74,6584,148
175,1187,2024-08-12,653,155796,238.58,16325,511
176,1133,2023-08-15,846,39303,46.46,35532,3168
177,1109,2024-07-23,14300,4064465,284.23,672100,29776
178,1104,2023-06-02,614,143487,233.69,21490,680
179,1036,2024-04-19,1873,264885,141.42,58063,3492
180,1052,2023-12-05,1324,200509,151.44,37072,679
181,1068,2024-01-22,1379,56094,40.68,12411,334
182,1143,2023-08-11,981,269675,274.9,23544,0
183,1189,2023-05-01,1529,243582,159.31,30580,2220
184,1061,2024-07-19,658,87368,132.78,25662,1754
185,1127,2024-04-22,201,45235,225.05,5025,463
186,1144,2023-08-15,1518,152420,100.41,63756,3960
187,1084,2023-08-24,777,74861,96.35,31080,2141
188,1210,2024-05-15,1979,454557,229.69,67286,1691
189,1184,2024-07-13,1000,270128,270.13,46000,4422
190,1019,2023-02-19,8070,2077920,257.49,153330,2471
191,1116,2024-01-18,123,25832,210.02,0,498
192,1136,2024-07-18,20189,4542364,224.99,787371,0
193,1172,2024-03-16,1651,129441,78.4,18161,1038
194,1064,2023-12-29,547,28080,51.33,16410,841
195,1076,2023-03-24,1338,274920,205.47,9366,172
196,1014,2023-01-10,1439,237379,164.96,46048,3133
197,1024,2024-06-24,10809,2954572,273.34,529641,47604
198,1019,2023-10-15,1841,382356,207.69,29456,2756
199,1150,2023-05-28,1540,387531,251.64,13860,511
200,1217,2024-02-03,1386,165719,119.57,18018,1462
201,1190,2023-12-21,109,10101,92.67,981,39
202,1101,2023-12-01,60,14493,241.55,1980,107
203,1110,2023-07-10,1392,184606,132.62,61248,2240
204,1068,2023-06-07,778,156497,201.15,0,868
205,1078,2024-03-31,737,42453,57.6,7370,197
206,1104,2023-04-16,53,9520,179.62,2279,145
207,1074,2024-02-28,794,179212,225.71,31760,2905
208,1043,2024-01-25,347,38622,111.3,12492,288
209,1076,2024-05-10,1602,156930,97.96,32040,2399
210,1117,2023-04-20,277,79272,286.18,7202,617
211,1112,2023-12-09,881,230881,262.07,37883,842
212,1051,2024-05-05,643,88428,137.52,16075,582
213,1147,2023-09-06,667,167052,250.45,20010,857
214,1139,2023-07-04,1396,52025,37.27,47464,4502
215,1212,2023-03-12,1677,410298,244.66,80496,4422
216,1168,2023-06-07,1464,192936,131.79,48312,4790
217,1129,2024-03-04,14894,3268358,219.44,580866,36852
218,1063,2023-12-30,340,14266,41.96,15640,1110
219,1203,2024-03-16,10694,961821,89.94,406372,24471
220,1095,2024-02-05,948,179095,188.92,35076,826
221,1075,2024-03-01,1885,115623,61.34,26390,1091
222,1133,2024-05-09,713,105741,148.3,34937,1772
223,1181,2023-04-28,46,9427,204.93,2208,181
224,1132,2023-06-28,1130,204709,181.16,38420,1185
225,1163,2024-03-18,9275,1404098,151.39,296800,13354
226,1192,2023-03-06,1182,313743,265.43,18912,811
227,1171,2024-05-16,1080,123788,114.62,31320,2036
228,1216,2024-04-13,1264,267802,211.87,30336,2811
229,1080,2023-05-01,488,38757,79.42,23912,543
230,1147,2024-01-28,866,174572,201.58,42434,3934
231,1042,2024-05-16,591,67927,114.94,19503,1282
232,1124,2023-05-20,399,115803,290.23,14763,1015
233,1181,2024-03-30,1000,182657,182.66,19000,689
234,1043,2024-04-13,1158,274212,236.8,46320,2592
235,1139,2024-01-11,1110,45770,41.23,36630,2167
236,1212,2023-09-11,609,23569,38.7,12789,529
237,1030,2023-08-31,429,80969,188.74,11583,1013
238,1157,2023-05-23,1607,138000,85.87,12856,788
239,1043,2023-11-28,1441,266064,184.64,53317,5262
240,1192,2024-02-26,1881,197274,104.88,86526,1853
241,1182,2023-11-26,1696,437161,257.76,50880,2750
242,1106,2024-01-20,925,226201,244.54,9250,427
243,1094,2024-04-10,1946,364151,187.13,19460,1474
244,1091,2023-03-06,1629,144678,88.81,52128,4391
245,1072,2023-12-12,1120,204801,182.86,40320,3263
246,1011,2023-04-12,1282,197539,154.09,15384,1440
247,1109,2023-07-27,1410,378133,268.18,33840,822
248,1167,2024-01-05,512,107221,209.42,23552,586
249,1179,2023-08-28,879,193378,220.0,4395,128
250,1132,2024-03-31,13277,3327474,250.62,424864,30786
251,1022,2023-04-15,211,56519,267.86,2743,121
252,1164,2023-05-27,140,4520,32.29,6440,159
253,1191,2023-06-05,1883,405547,215.37,33894,603
254,1150,2024-01-29,719,82624,114.92,9347,301
255,1153,2023-10-19,1595,59401,37.24,74965,6658
256,1048,2024-02-06,605,146183,241.62,12100,659
257,1152,2023-03-14,1081,35951,33.26,30268,2846
258,1145,2024-03-06,748,57332,76.65,0,2510
259,1017,2023-01-15,536,149595,279.1,16080,893
260,1106,2024-03-09,1437,291632,202.95,56043,3667
261,1130,2023-07-28,1995,348776,174.83,59850,3757
262,1164,2023-03-09,635,144201,227.09,12700,193
263,1116,2023-02-26,633,131457,207.67,10128,210
264,1041,2024-05-23,1951,330987,169.65,40971,1025
265,1068,2023-05-01,1579,190195,120.45,50528,1742
266,1147,2023-03-20,1016,129269,127.23,36576,3194
267,1197,2023-04-16,1831,412249,225.15,34789,0
268,1003,2023-09-08,94,12540,133.4,1316,34
269,1205,2024-03-05,459,65356,142.39,11475,394
270,1128,2023-02-23,367,62118,169.26,2569,246
271,1072,2023-11-15,670,102725,153.32,18760,526
272,1159,2023-09-06,950,277781,292.4,16150,1226
273,1038,2023-01-07,1909,177364,92.91,0,3465
274,1085,2023-01-02,1554,402845,259.23,37296,721
275,1125,2023-03-03,1991,442293,222.15,19910,277
276,1105,2024-01-17,938,49642,52.92,10318,572
277,1151,2024-08-04,127,36873,290.34,2540,92
278,1100,2023-12-01,651,60591,93.07,11067,246
279,1027,2023-06-18,920,128577,139.76,35880,1515
280,1118,2023-09-29,1745,126610,72.56,83760,3130
281,1055,2023-12-02,303,29396,97.02,8181,373
282,1209,2023-06-28,63,16426,260.73,2520,194
283,1205,2023-05-24,9531,622308,65.29,285930,12438
284,1149,2024-08-23,530,26630,50.25,4770,132
285,1023,2023-12-06,17355,757930,43.67,711555,34854
286,1097,2024-03-12,353,97160,275.24,7766,273
287,1158,2023-09-09,1325,187140,141.24,53000,2814
288,1107,2023-07-24,1316,226312,171.97,0,5890
289,1097,2024-01-03,982,157967,160.86,40262,2223
290,1081,2023-08-13,60,14412,240.2,480,39
291,1149,2023-08-27,1994,193261,96.92,39880,1355
292,1014,2023-08-13,1179,289203,245.3,31833,2997
293,1060,2024-08-29,651,142151,218.36,27342,342
294,1144,2023-05-26,1153,295062,255.91,41508,2440
295,1014,2023-08-27,1232,212077,172.14,6160,245
296,1087,2023-07-01,1881,497371,264.42,15048,180
297,1198,2023-04-24,1733,222725,128.52,15597,680
298,1025,2023-12-11,618,181372,293.48,19776,1607
299,1044,2024-07-29,1420,277896,195.7,38340,1153
300,1078,2023-10-29,260,7926,30.48,12740,1215
301,1145,2023-02-03,372,103669,278.68,16368,489
302,1036,2023-12-06,1526,188672,123.64,38150,957
303,1181,2023-12-10,9784,952727,97.38,88056,3658
304,1012,2024-01-31,897,261616,291.66,27807,1512
305,1025,2024-05-05,1615,332305,205.76,77520,2349
306,1008,2023-10-29,41,11764,286.93,369,15
307,1019,2024-07-14,1928,106306,55.14,82904,8180
308,1110,2023-06-18,1243,90015,72.42,13673,544
309,1141,2024-07-07,543,59891,110.3,5973,86
310,1039,2023-02-25,5609,614344,109.53,263623,17467
311,1052,2023-06-24,1307,68124,52.12,15684,592
312,1169,2023-09-29,186,25041,134.63,5208,467
313,1067,2024-03-26,952,243722,256.01,39032,606
314,1021,2023-12-19,1655,483409,292.09,69510,2118
315,1133,2024-03-04,1977,522049,264.06,69195,4258
316,1101,2023-02-05,1028,174287,169.54,42148,2991
317,1193,2024-04-04,354,26597,75.13,6372,527
318,1174,2024-03-21,413,82331,199.35,17759,589
319,1017,2023-03-31,794,142169,179.05,0,991
320,1179,2024-08-24,1070,64606,60.38,14980,349
321,1025,2023-04-19,1152,278958,242.15,44928,4008
322,1167,2024-05-12,1171,46975,40.12,25762,1191
323,1102,2023-02-09,810,96797,119.5,16200,233
324,1095,2023-01-21,691,77270,111.82,15202,1305
325,1058,2023-05-18,615,92028,149.64,15375,526
326,1048,2024-03-28,432,60452,139.94,15552,1218
327,1131,2023-06-12,134,22355,166.83,1742,139
328,1044,2023-07-17,1792,458722,255.98,35840,465
329,1050,2023-10-08,754,125453,166.38,33930,3158
330,1125,2024-08-31,913,241972,265.03,38346,2286
331,1066,2023-04-03,4209,311402,73.98,172569,13837
332,1057,2023-07-31,551,92890,168.58,26448,285
333,1153,2023-01-09,458,113296,247.37,10992,815
334,1096,2023-12-24,940,146647,156.01,45120,2565
335,1001,2024-06-07,1356,347993,256.63,54240,3702
336,1027,2024-05-08,130,13604,104.65,3250,284
337,1166,2023-11-02,385,91121,236.68,3080,254
338,1169,2023-11-24,1394,51400,36.87,50184,5006
339,1099,2023-02-06,1194,220235,184.45,20298,829
340,1163,2024-05-02,1856,235330,126.79,44544,3834
341,1046,2023-10-28,199,45779,230.05,7960,626
342,1085,2023-04-02,455,105076,230.94,10920,522
343,1149,2023-10-29,949,149035,157.04,42705,2669
344,1049,2024-05-27,245,32597,133.05,5880,277
345,1051,2023-12-17,838,227155,271.07,28492,652
346,1020,2024-05-14,681,52942,77.74,30645,466
347,1198,2023-06-22,1180,191379,162.19,11800,255
348,1109,2024-05-03,20275,1699893,83.84,567700,54218
349,1135,2023-07-15,36,7171,199.19,720,21
350,1026,2024-01-28,1030,77348,75.1,7210,265
351,1152,2024-06-20,691,148862,215.43,8983,366
352,1048,2023-06-18,1941,483779,249.24,11646,355
353,1187,2023-01-23,1207,76347,63.25,60350,4136
354,1065,2024-07-01,4847,1011723,208.73,222962,19007
355,1113,2024-01-25,253,39996,158.09,0,100
356,1107,2023-04-14,1356,268698,198.15,66444,1484
357,1184,2023-05-01,578,33923,58.69,9826,636
358,1051,2024-01-02,1440,105553,73.3,57600,3149
359,1084,2023-08-29,4921,1352574,274.86,201761,14166
360,1130,2023-03-18,1481,406224,274.29,68126,2098
361,1118,2023-02-21,204,54267,266.01,4692,199
362,1029,2023-04-08,1743,73885,42.39,22659,1579
363,1112,2023-10-02,1799,234963,130.61,46774,1237
364,1069,2024-01-30,1412,347313,245.97,64952,5829
365,1185,2023-03-02,1930,111944,58.0,81060,4331
366,1156,2024-01-24,1595,60259,37.78,76560,6828
367,1123,2024-05-14,231,34415,148.98,2079,69
368,1173,2024-06-21,1571,354133,225.42,29849,2925
369,1133,2023-04-08,886,86044,97.12,23922,1668
370,1211,2024-07-25,1826,81682,44.73,83996,7903
371,1126,2023-06-19,153,17835,116.57,3978,387
372,1164,2024-01-23,825,42309,51.28,27225,2235
373,1114,2023-11-20,243,56185,231.21,1458,28
374,1000,2023-04-04,1621,319576,197.15,38904,3505
375,1116,2023-12-16,744,186356,250.48,25296,1008
376,1183,2024-01-08,1466,82547,56.31,68902,2064
377,1204,2023-10-26,1121,246133,219.57,7847,711
378,1190,2024-02-24,219,18154,82.89,2628,246
379,1200,2023-07-15,1467,343909,234.43,10269,959
380,1197,2024-04-06,936,269728,288.17,12168,0
381,1141,2024-03-19,1717,480039,279.58,27472,1985
382,1026,2024-02-01,1346,361169,268.33,49802,4448
383,1177,2023-09-12,560,68640,122.57,12880,653
384,1179,2024-06-08,612,108879,177.91,15300,1133
385,1051,2023-08-03,1278,275262,215.38,61344,1345
386,1045,2024-05-30,1111,130034,117.04,13332,1046
387,1170,2024-03-03,1380,354901,257.17,0,2824
388,1027,2023-01-26,780,164555,210.97,13260,451
389,1174,2023-09-14,299,64721,216.46,6877,195
390,1115,2023-04-15,1261,289605,229.66,23959,1840
391,1200,2023-10-22,1419,397534,280.15,41151,1954
392,1141,2023-02-25,26,2205,84.81,858,72
393,1165,2024-01-12,1546,354623,229.38,26282,2098
394,1045,2023-03-18,382,87276,228.47,4584,201
395,1033,2023-06-14,1196,37702,31.52,40664,3003
396,1082,2023-02-22,1584,310803,196.21,74448,2762
397,1018,2023-11-22,1076,85697,79.64,9684,782
398,1103,2023-04-05,715,62637,87.6,18590,739
399,1158,2024-06-27,972,245328,252.4,44712,482
400,1164,2023-09-07,14479,1925281,132.97,173748,7771
401,1132,2024-01-19,1053,158266,150.3,7371,270
402,1021,2023-04-09,342,81668,238.8,13338,142
403,1198,2023-08-07,1771,452719,255.63,31878,1861
404,1198,2024-03-21,1324,65501,49.47,63552,1514
405,1022,2023-03-17,111,10879,98.01,999,61
406,1099,2024-04-06,1290,148903,115.43,37410,2641
407,1158,2023-03-06,1548,65464,42.29,13932,587
408,1175,2023-11-05,1242,293887,236.62,40986,1816
409,1040,2024-06-30,450,61005,135.57,17550,641
410,1203,2024-01-18,1960,351725,179.45,78400,1781
411,1100,2024-07-04,1121,125850,112.27,30267,879
412,1036,2023-06-14,376,96023,255.38,6392,129
413,1013,2024-07-16,944,46963,49.75,44368,712
414,1124,2023-12-05,731,151300,206.98,8041,286
415,1124,2024-04-06,672,75621,112.53,28224,669
416,1109,2023-06-22,9,2179,242.11,450,34
417,1034,2023-12-06,1797,269993,150.25,43128,2321
418,1020,2023-10-15,1758,475803,270.65,29886,1006
419,1019,2023-01-20,1739,66816,38.42,73038,4535
420,1009,2024-07-18,533,159716,299.65,18655,1284
421,1197,2024-08-26,1501,99288,66.15,55537,3106
422,1169,2023-09-02,1736,512294,295.1,83328,2077
423,1045,2024-08-02,1942,515586,265.49,27188,2072
424,1056,2024-05-14,474,61500,129.75,3318,232
425,1099,2024-04-25,1879,79929,42.54,86434,3385
426,1212,2023-10-08,1709,318267,186.23,70069,1797
427,1167,2023-03-21,1058,309594,292.62,20102,1135
428,1124,2024-05-08,1816,300540,165.5,23608,1170
429,1071,2023-08-05,307,39234,127.8,15350,1282
430,1084,2023-04-27,986,157105,159.34,41412,1015
431,1011,2023-05-11,1174,77924,66.37,43438,587
432,1066,2023-07-04,1058,202952,191.83,43378,2923
433,1210,2023-10-18,1939,293341,151.28,67865,5976
434,1153,2023-05-27,1627,385960,237.22,71588,4965
435,1087,2024-04-09,1221,112392,92.05,35409,0
436,1129,2024-03-05,1692,94753,56.0,59220,5397
437,1136,2024-05-30,1540,246715,160.2,0,1825
438,1198,2024-03-17,1069,284570,266.2,52381,3021
439,1202,2024-01-26,717,165036,230.18,35133,2173
440,1196,2023-08-27,1863,198375,106.48,72657,3398
441,1202,2023-01-08,1183,201507,170.34,34307,2364
442,1092,2023-04-20,316,59423,188.05,6636,576
443,1070,2024-02-11,1546,276839,179.07,61840,3303
444,1064,2023-11-11,1183,260832,220.48,15379,1337
445,1114,2023-06-15,205,28321,138.15,5330,437
446,1013,2023-06-14,796,25017,31.43,7960,669
447,1022,2023-03-07,538,27766,51.61,3766,283
448,1167,2024-06-17,586,112112,191.32,9376,634
449,1168,2024-06-14,585,141376,241.67,21645,1221
450,1009,2024-01-04,489,143484,293.42,4890,487
451,1101,2024-02-20,1200,40978,34.15,60000,970
452,1212,2024-07-26,1873,231911,123.82,41206,1251
453,1103,2024-08-11,9,1259,139.89,99,5
454,1029,2024-06-09,1959,343283,175.23,80319,2611
455,1123,2023-09-07,1551,371327,239.41,74448,3831
456,1029,2023-09-22,138,33525,242.93,2622,185
457,1090,2024-06-12,11726,1137768,97.03,117260,5382
458,1141,2023-07-02,975,86787,89.01,39975,1367
459,1048,2024-05-25,1509,344905,228.57,31689,906
460,1158,2023-12-31,319,19895,62.37,3190,225
461,1195,2024-07-08,19764,2573728,130.22,494100,26834
462,1070,2024-05-17,374,103718,277.32,8228,376
463,1134,2024-03-09,979,37977,38.79,26433,1200
464,1030,2024-06-14,942,30401,32.27,45216,1309
465,1156,2023-09-23,383,36012,94.03,13405,1290
466,1108,2023-08-04,858,111989,130.52,25740,905
467,1147,2023-08-23,1667,171511,102.89,33340,1999
468,1204,2023-06-03,968,75198,77.68,34848,770
469,1136,2023-11-20,1608,157202,97.76,65928,942
470,1055,2023-09-18,975,54601,56.0,25350,846
471,1207,2023-09-21,6676,833127,124.79,320448,30981
472,1166,2024-07-05,357,38143,106.84,8925,629
473,1020,2024-01-26,1256,251906,200.56,17584,1549
474,1107,2024-08-08,828,40789,49.26,12420,508
475,1181,2023-10-01,1239,127910,103.24,40887,3282
476,1133,2024-04-06,847,220759,260.64,11011,831
477,1179,2023-03-23,431,24917,57.81,3879,365
478,1197,2024-02-11,1073,56308,52.48,22533,1478
479,1099,2023-11-13,469,50055,106.73,21105,451
480,1008,2024-01-01,1762,464014,263.35,59908,5855
481,1113,2023-05-19,1985,348581,175.61,83370,5317
482,1144,2024-03-21,1072,186658,174.12,28944,1544
483,1078,2024-01-10,844,94498,111.96,4220,240
484,1073,2024-04-25,19214,5489027,285.68,672490,24858
485,1152,2023-08-25,15874,1284431,80.91,634960,31328
486,1165,2024-02-04,1696,171303,101.0,54272,3597
487,1156,2023-10-06,583,101223,173.62,12826,604
488,1074,2023-04-24,1304,198530,152.25,0,4220
489,1012,2024-07-01,45,2592,57.6,0,21
490,1023,2023-06-04,30,3669,122.3,720,58
491,1178,2023-02-02,676,157273,232.65,9464,142
492,1120,2023-07-05,393,38325,97.52,11397,963
493,1063,2024-01-30,1579,152742,96.73,11053,308
494,1170,2023-08-02,968,280262,289.53,24200,587
495,1140,2024-06-17,250,50600,202.4,4250,180
496,1028,2023-08-30,1296,44152,34.07,28512,1785
497,1010,2024-08-18,1604,346255,215.87,22456,975
498,1023,2023-12-13,1906,448064,235.08,15248,234
499,1202,2023-04-20,257,29688,115.52,10280,832
500,1112,2023-07-17,43,5448,126.7,559,18
501,1143,2023-10-29,1111,90257,81.24,17776,1047
502,1212,2024-07-21,328,23569,71.86,7544,631
503,1198,2024-06-02,776,208271,268.39,34144,2974
504,1184,2023-03-06,1348,338541,251.14,22916,1310
505,1156,2023-10-17,660,77184,116.95,7260,414
506,1033,2023-07-02,7295,1174859,161.05,80245,1032
507,1125,2024-06-22,1277,126555,99.1,0,1067
508,1053,2024-05-18,1901,98069,51.59,85545,1322
509,1106,2024-01-13,1626,410375,252.38,35772,2060
510,1019,2023-08-10,1967,112769,57.33,37373,2162
511,1063,2024-08-06,1280,231391,180.77,51200,2425
512,1091,2024-04-14,1438,385905,268.36,21570,1754
513,1168,2023-06-11,1093,163527,149.61,29511,2692
514,1216,2024-01-16,844,123442,146.26,21100,1366
515,1196,2024-07-17,1896,241175,127.2,62568,3145
516,1072,2023-01-17,1060,286610,270.39,5300,196
517,1005,2023-10-10,1882,339150,180.21,77162,1846
518,1035,2023-09-29,751,73193,97.46,15771,1308
519,1055,2023-03-21,1481,237380,160.28,53316,4495
520,1024,2023-11-04,76,14105,185.59,760,60
521,1209,2024-03-20,853,53351,62.55,16207,1252
522,1162,2024-01-27,110,4523,41.12,4290,261
523,1039,2023-02-21,1379,187652,136.08,45507,3538
524,1110,2023-10-24,1610,105762,65.69,16100,850
525,1067,2023-03-29,816,194969,238.93,10608,833
526,1101,2024-08-08,401,119983,299.21,15238,490
527,1082,2024-08-12,183,25925,141.67,5124,211
528,1006,2023-11-09,346,67947,196.38,11418,754
529,1059,2023-07-24,1403,329127,234.59,14030,282
530,1037,2023-10-22,28,6920,247.14,672,0
531,1137,2023-08-05,417,96992,232.59,16680,891
532,1178,2023-01-19,771,161256,209.15,5397,178
533,1178,2023-10-05,108,30801,285.19,972,43
534,1168,2024-01-04,1770,192883,108.97,81420,3646
535,1181,2023-04-12,1851,488717,264.03,72189,1293
536,1143,2023-01-23,81,14008,172.94,0,113
537,1175,2023-12-27,727,68174,93.77,26899,936
538,1099,2023-01-31,1933,204225,105.65,27062,1103
539,1186,2024-01-27,1066,208254,195.36,47970,3443
540,1109,2023-11-16,1863,281826,151.28,24219,692
541,1204,2023-07-27,1766,381285,215.9,67108,6164
542,1197,2023-05-29,1343,372844,277.62,33575,540
543,1047,2023-11-22,1719,389029,226.31,42975,3833
544,1113,2023-10-08,311,18295,58.83,4976,61
545,1155,2024-08-03,1254,116232,92.69,60192,743
546,1034,2024-05-29,1732,384928,222.24,48496,1287
547,1041,2023-07-17,2954,826728,279.87,91574,2749
548,1052,2023-03-09,362,107195,296.12,15928,861
549,1063,2024-03-13,829,160942,194.14,24041,1798
550,1146,2024-08-31,1098,292574,266.46,7686,437
551,1010,2023-09-09,1062,313963,295.63,7434,447
552,1012,2023-07-14,596,160197,268.79,13708,706
553,1013,2024-06-13,1850,470031,254.07,61050,1107
554,1149,2024-07-13,277,32501,117.33,1662,43
555,1051,2024-04-10,184,39884,216.76,9200,751
556,1029,2024-04-05,1298,222517,171.43,37642,2838
557,1040,2024-01-23,1127,267583,237.43,29302,1784
558,1037,2023-07-03,1575,225677,143.29,37800,2862
559,1046,2023-05-01,1840,155976,84.77,80960,0
560,1127,2024-07-10,19822,1867770,94.23,832524,57737
561,1153,2023-01-07,501,52650,105.09,22545,1356
562,1037,2023-02-26,1337,92588,69.25,9359,655
563,1022,2023-02-20,223,17422,78.13,10704,381
564,1146,2024-07-29,363,84332,232.32,10164,953
565,1094,2024-01-24,1679,244088,145.38,67160,1064
566,1070,2023-12-04,1079,93504,86.66,19422,1264
567,1161,2024-06-25,179,38652,215.93,8950,320
568,1134,2024-08-11,1276,82968,65.02,52316,2860
569,1206,2023-07-04,1809,400365,221.32,30753,0
570,1030,2023-08-01,1637,232373,141.95,11459,458
571,1002,2023-07-26,1413,343857,243.35,33912,1255
572,1029,2023-12-08,699,128342,183.61,4194,356
573,1172,2024-05-05,1876,74290,39.6,24388,1300
574,1137,2023-12-10,947,134253,141.77,7576,645
575,1080,2024-07-22,13966,3433883,245.87,377082,6017
576,1086,2024-01-20,1283,95983,74.81,55169,2485
577,1192,2023-11-12,1444,320072,221.66,31768,1500
578,1115,2023-11-06,442,34146,77.25,12376,998
579,1113,2024-06-02,51,13991,274.33,714,19
580,1134,2023-11-14,1588,377562,237.76,17468,1467
581,1033,2023-07-30,16183,3603839,222.69,614954,12560
582,1217,2024-08-31,1785,278560,156.06,12495,240
583,1005,2024-08-14,1553,420671,270.88,38825,1089
584,1197,2024-03-27,1374,96615,70.32,30228,613
585,1026,2023-07-31,1111,128865,115.99,15554,1475
586,1043,2023-03-14,637,77369,121.46,21021,0
587,1012,2023-04-19,785,113939,145.15,12560,922
588,1176,2024-04-01,1262,151098,119.73,21454,1591
589,1193,2024-04-21,1162,289883,249.47,56938,2969
590,1181,2024-04-21,963,87078,90.42,42372,1407
591,1170,2023-12-05,1615,190062,117.69,58140,739
592,1118,2023-06-24,578,111668,193.2,7514,418
593,1027,2023-11-30,1138,277622,243.96,44382,2285
594,1062,2024-07-15,325,43429,133.63,8450,242
595,1111,2024-08-03,1612,350474,217.42,25792,1796
596,1146,2024-05-13,234,36266,154.98,9360,175
597,1103,2023-03-13,1225,306002,249.8,35525,1402
598,1055,2023-05-23,1817,424899,233.85,9085,709
599,1074,2024-02-04,1260,104365,82.83,60480,5380
600,1173,2023-11-08,1881,277214,147.38,50787,5034
601,1130,2024-02-18,1735,189860,109.43,0,4425
602,1143,2024-01-03,224,59076,263.73,4480,218
603,1182,2024-01-27,831,147238,177.18,39057,1000
604,1215,2024-01-04,1720,185565,107.89,80840,0
605,1036,2024-05-13,1347,400542,297.36,13470,301
606,1201,2024-03-11,1276,213783,167.54,51040,4277
607,1108,2023-01-08,1183,268951,227.35,59150,3262
608,1093,2023-02-04,77,16964,220.31,924,57
609,1186,2024-06-23,1759,422678,240.29,59806,3380
610,1062,2024-04-28,1291,373500,289.31,11619,831
611,1156,2023-02-24,1850,444374,240.2,64750,3293
612,1084,2024-03-07,722,177265,245.52,16606,416
613,1077,2024-07-31,533,84082,157.75,7995,492
614,1188,2023-01-28,587,37709,64.24,5283,457
615,1071,2023-10-09,1756,404206,230.19,75508,1941
616,1114,2024-01-14,1654,399081,241.28,33080,1774
617,1087,2023-03-28,1981,558967,282.16,27734,2368
618,1098,2023-09-01,1353,273502,202.14,24354,1509
619,1067,2023-04-29,107,14729,137.65,2568,135
620,1059,2024-01-24,1399,221236,158.14,19586,1130
621,1204,2024-04-04,782,226526,289.68,37536,3604
622,1090,2024-03-18,1250,327195,261.76,32500,1115
623,1149,2024-02-05,944,219248,232.25,45312,2853
624,1176,2023-07-04,641,135671,211.66,5769,63
625,1114,2023-12-26,449,44007,98.01,3143,38
626,1168,2023-08-11,1946,122370,62.88,23352,415
627,1195,2024-08-02,1644,447037,271.92,80556,2141
628,1019,2024-04-09,1889,449066,237.73,92561,8451
629,1041,2023-03-17,567,75612,133.35,14742,1468
630,1045,2024-03-27,142,39861,280.71,6248,283
631,1138,2024-03-17,447,26233,58.69,14751,1097
632,1146,2023-09-14,1591,432844,272.06,22274,0
633,1099,2023-09-30,310,85016,274.25,12710,131
634,1122,2024-03-22,827,199185,240.85,7443,0
635,1209,2024-05-08,248,70050,282.46,6696,267
636,1165,2023-04-03,748,216508,289.45,7480,641
637,1051,2023-06-30,15723,3276644,208.4,377352,27406
638,1091,2024-05-13,173,25648,148.25,2941,66
639,1151,2023-09-02,1001,244283,244.04,46046,1735
640,1115,2023-01-17,75,9088,121.17,525,24
641,1133,2024-04-14,1925,512144,266.05,26950,2066
642,1188,2023-05-25,1001,157386,157.23,44044,621
643,1044,2023-02-21,1852,452440,244.3,62968,4093
644,1209,2023-04-19,233,57266,245.78,4427,69
645,1213,2024-02-16,664,142563,214.7,25896,579
646,1195,2023-02-16,1214,57142,47.07,26708,606
647,1141,2023-06-18,898,168048,187.14,11674,221
648,1199,2023-06-11,32,1657,51.78,160,4
649,1072,2024-03-02,1420,338800,238.59,69580,1490
650,1115,2024-02-26,489,95279,194.84,3423,217
651,1022,2023-11-05,712,128574,180.58,12104,249
652,1092,2024-07-06,1039,247271,237.99,48833,1402
653,1038,2024-04-30,1018,214735,210.94,7126,105
654,1064,2023-12-09,1263,296514,234.77,8841,171
655,1040,2023-01-30,993,48788,49.13,19860,1488
656,1050,2023-11-30,471,55604,118.06,5181,162
657,1056,2023-03-17,964,43063,44.67,30848,710
658,1099,2024-01-18,279,22995,82.42,7533,736
659,1177,2024-08-05,122,7319,59.99,4148,212
660,1075,2023-06-10,1616,464188,287.25,24240,1503
661,1105,2024-06-18,1001,88527,88.44,35035,2989
662,1188,2023-09-10,507,94533,186.46,21294,2026
663,1106,2023-02-15,82,18699,228.04,3034,39
664,1204,2023-04-11,926,48554,52.43,4630,335
665,1091,2023-10-30,489,26649,54.5,17115,1201
666,1146,2024-08-20,49,7605,155.2,637,56
667,1094,2024-04-20,1441,377979,262.3,12969,578
668,1075,2024-03-12,1541,439871,285.45,60099,3712
669,1158,2023-12-10,1506,254482,168.98,72288,3090
670,1119,2023-02-11,748,153344,205.01,37400,599
671,1085,2023-09-02,1105,175908,159.19,46410,4102
672,1194,2023-08-19,656,67034,102.19,31488,1513
673,1115,2024-05-12,1026,64772,63.13,51300,2968
674,1115,2024-01-12,1638,355724,217.17,14742,397
675,1100,2023-07-03,590,29957,50.77,8850,308
676,1052,2024-06-17,1949,212744,109.16,93552,5494
677,1113,2023-01-22,597,21462,35.95,11343,965
678,1148,2023-12-18,1342,158493,118.1,56364,3941
679,1117,2023-11-08,1161,282266,243.12,17415,1411
680,1073,2023-02-18,303,46389,153.1,4545,298
681,1046,2023-06-29,1718,471199,274.27,24052,589
682,1147,2023-05-10,902,71992,79.81,36080,2657
683,1037,2024-01-17,918,67841,73.9,22032,0
684,1196,2023-05-29,1941,226046,116.46,9705,944
685,1165,2023-10-30,970,283039,291.79,39770,2784
686,1113,2023-12-13,1411,224807,159.32,9877,222
687,1102,2023-08-14,913,107842,118.12,39259,2658
688,1196,2023-10-12,20042,5197930,259.35,962016,67764
689,1049,2024-05-17,650,109278,168.12,5200,477
690,1218,2024-03-13,757,25201,33.29,20439,850
691,1022,2023-08-09,1490,343016,230.21,46190,3802
692,1108,2024-02-29,285,54561,191.44,3990,114
693,1085,2023-03-09,1911,447462,234.15,19110,202
694,1044,2024-07-23,946,221284,233.92,12298,343
695,1125,2023-02-13,1685,430244,255.34,40440,2202
696,1202,2023-01-03,315,90760,288.13,14175,744
697,1106,2023-07-03,1007,205520,204.09,6042,125
698,1017,2024-01-06,1190,175808,147.74,24990,1662
699,1030,2024-01-18,1049,36439,34.74,22029,543
700,1177,2023-05-19,731,75746,103.62,22661,1524
701,1074,2024-06-26,1308,220717,168.74,58860,1559
702,1139,2023-11-27,1786,461053,258.15,42864,1475
703,1136,2024-08-16,720,24107,33.48,27360,966
704,1041,2023-04-15,446,40006,89.7,7582,618
705,1134,2024-06-28,1459,341701,234.2,17508,832
706,1033,2023-01-18,982,212685,216.58,12766,1066
707,1195,2023-12-17,352,13293,37.76,4224,126
708,1058,2023-11-11,256,75494,294.9,8192,591
709,1198,2024-05-10,1551,128755,83.01,10857,883
710,1030,2023-09-17,88,18501,210.24,968,77
711,1051,2023-07-09,1373,74842,54.51,30206,2881
712,1128,2023-09-05,1034,58688,56.76,43428,3417
713,1072,2023-06-25,1846,57537,31.17,20306,1892
714,1121,2024-01-11,1429,212506,148.71,15719,413
715,1054,2024-06-10,466,109780,235.58,11650,246
716,1195,2024-01-05,1443,324641,224.98,14430,570
717,1153,2023-11-16,1407,210864,149.87,56280,2625
718,1219,2023-03-13,1832,290248,158.43,87936,0
719,1172,2023-04-18,811,168532,207.81,8110,168
720,1026,2023-06-22,132,11055,83.75,2244,142
721,1214,2024-03-10,1485,351203,236.5,62370,3956
722,1102,2023-12-31,974,279087,286.54,35064,1964
723,1031,2023-09-14,1002,200059,199.66,13026,165
724,1127,2023-01-28,1990,384542,193.24,49750,1181
725,1019,2024-06-16,1571,244802,155.83,36133,2514
726,1087,2024-07-07,4154,1235782,297.49,49848,2219
727,1117,2023-02-06,67,13938,208.03,1608,144
728,1079,2024-02-03,998,183223,183.59,35928,2493
729,1121,2024-07-29,1749,78790,45.05,36729,2002
730,1090,2023-10-19,656,124262,189.42,8528,727
731,1006,2023-12-16,779,95963,123.19,21033,990
732,1060,2023-11-16,1213,261714,215.76,29112,591
733,1009,2024-04-16,1347,247003,183.37,41757,1419
734,1081,2024-01-22,1168,215595,184.58,42048,799
735,1128,2023-12-14,341,43682,128.1,10912,307
736,1019,2024-07-02,438,18761,42.83,17958,829
737,1023,2024-08-15,194,20138,103.8,7954,653
738,1203,2023-03-20,1334,221781,166.25,32016,1567
739,1102,2023-09-15,1279,270279,211.32,51160,0
740,1047,2024-08-13,1022,296146,289.77,34748,1185
741,1218,2024-03-20,1914,381316,199.22,72732,2040
742,1191,2023-11-04,1728,200510,116.04,15552,1042
743,1073,2023-06-14,525,49221,93.75,10500,212
744,1211,2023-11-14,950,282766,297.65,30400,2073
745,1034,2023-01-30,529,55544,105.0,21160,546
746,1124,2023-01-21,113,5950,52.65,4859,178
747,1093,2023-04-03,812,183141,225.54,10556,329
748,1030,2024-06-18,1360,389520,286.41,51680,1688
749,1031,2023-11-17,674,154382,229.05,13480,1269
750,1054,2023-10-09,900,236684,262.98,7200,389
751,1081,2024-07-12,867,83677,96.51,19074,1700
752,1183,2024-01-12,1682,343560,204.26,72326,949
753,1013,2023-09-03,518,58794,113.5,25382,1082
754,1060,2024-03-29,15672,4394851,280.43,329112,12203
755,1076,2023-08-04,1760,488031,277.29,79200,3052
756,1202,2023-02-04,561,141519,252.26,20196,1058
757,1183,2024-03-08,1795,102506,57.11,26925,1961
758,1154,2024-07-14,1510,328737,217.71,12080,818
759,1164,2023-05-20,6,1197,199.5,150,9
760,1182,2023-05-14,1734,244121,140.78,43350,2194
761,1044,2024-08-30,1693,179602,106.09,16930,800
762,1213,2024-08-07,3211,896640,279.24,147706,9612
763,1118,2023-07-23,536,40502,75.56,16080,1055
764,1094,2023-06-24,1939,65559,33.81,73682,3622
765,1172,2024-05-21,242,20533,84.85,5324,191
766,1219,2023-07-31,1228,310074,252.5,58944,1594
767,1007,2023-10-25,1999,393350,196.77,39980,1729
768,1002,2024-04-25,272,79719,293.08,8160,586
769,1188,2023-09-20,149,6833,45.86,3874,363
770,1155,2023-02-16,10,1973,197.3,240,23
771,1143,2023-02-12,1188,90126,75.86,42768,4008
772,1081,2024-06-27,886,54530,61.55,6202,608
773,1071,2024-01-05,1896,519037,273.75,39816,2594
774,1080,2024-03-22,1828,418529,228.95,65808,5181
775,1168,2024-03-26,108,4831,44.73,1728,22
776,1111,2023-04-29,1833,75178,41.01,49491,4899
777,1028,2023-06-01,253,21507,85.01,5819,152
778,1069,2024-07-30,1824,159320,87.35,9120,522
779,1019,2023-09-10,1573,87242,55.46,40898,504
780,1100,2024-01-18,1209,70894,58.64,30225,720
781,1168,2024-05-06,929,95423,102.72,43663,459
782,1115,2023-11-29,1940,442836,228.27,79540,1721
783,1072,2023-11-27,1634,80222,49.1,70262,3114
784,1197,2024-02-13,9005,666315,73.99,270150,9629
785,1030,2023-11-02,1005,229833,228.69,24120,2203
786,1024,2024-01-12,1049,157632,150.27,30421,1608
787,1193,2024-03-08,1660,133324,80.32,74700,3611
788,1118,2023-08-18,1326,95298,71.87,47736,2742
789,1119,2024-03-23,162,25750,158.95,2268,223
790,1063,2024-06-19,875,37525,42.89,7875,728
791,1105,2023-04-07,951,174498,183.49,19971,838
792,1004,2023-04-27,1516,118974,78.48,24256,2082
793,1180,2023-11-01,642,98129,152.85,30174,1523
794,1207,2023-07-11,432,100093,231.7,18576,619
795,1004,2023-01-06,808,61705,76.37,28280,1454
796,1190,2024-05-13,620,181634,292.96,17360,1252
797,1205,2023-11-06,179,6040,33.74,2148,179
798,1006,2023-08-03,985,202348,205.43,31520,2704
799,1022,2023-11-05,1576,248971,157.98,9456,193
800,1113,2024-05-11,17694,3326668,188.01,300798,10989
